CO_UF;NO_UF;DEPENDENCIA_ADM;LOCALIZACAO;MEDIA_2_MT;MEDIA_5_MT;MEDIA_9_MT;MEDIA_12_MT;MEDIA_13_MT;MEDIA_14_MT;nivel_0_MT2;nivel_1_MT2;nivel_2_MT2;nivel_3_MT2;nivel_4_MT2;nivel_5_MT2;nivel_6_MT2;nivel_7_MT2;nivel_8_MT2;nivel_0_MT5;nivel_1_MT5;nivel_2_MT5;nivel_3_MT5;nivel_4_MT5;nivel_5_MT5;nivel_6_MT5;nivel_7_MT5;nivel_8_MT5;nivel_9_MT5;nivel_10_MT5;nivel_0_MT9;nivel_1_MT9;nivel_2_MT9;nivel_3_MT9;nivel_4_MT9;nivel_5_MT9;nivel_6_MT9;nivel_7_MT9;nivel_8_MT9;nivel_9_MT9
1;Rondônia;Privada;Rural;746,53;219,84;255,63;;282,68;282,68;2,13;4,26;10,64;12,77;19,15;25,53;17,02;6,38;2,13;2,61;3,27;5,23;17,65;31,37;22,22;7,19;6,54;2,61;1,31;0;13,15;12,77;11,76;28,12;18,38;10,2;3,58;0;2,02;0
1;Rondônia;Privada;Total;771,45;237,33;286,87;316,47;285,48;309,57;2,07;1,68;2,63;8,71;15,53;18,28;21,6;19,72;9,78;0,28;1,96;5,19;11,98;21,68;21,98;17,32;10,51;6,34;2,77;0;4,22;6,53;8,17;15,55;25,22;20,97;12,83;4,14;2,35;0
1;Rondônia;Privada;Urbana;772,88;238,43;290,71;316,47;308,82;316,24;2,07;1,53;2,17;8,48;15,32;17,87;21,86;20,48;10,22;0,13;1,87;5,19;11,62;21,07;21,96;17,96;10,76;6,57;2,87;0;3,12;5,77;7,73;14;26,06;22,29;13,97;4,65;2,4;0
1;Rondônia;Pública;Rural;688,4;189,8;247,58;256,57;294;286,01;23,36;15,48;23,27;18,64;12,19;2,05;2,75;1,69;0,56;3,84;12,86;22,6;23,04;18,57;11,44;4,98;2;0,48;0,18;0;14,15;15,39;20,68;24,01;15,31;7,59;2,19;0,59;0,09;0
1;Rondônia;Pública;Total;713,4;200,52;248,21;264,92;294;267,27;10,93;9,89;16,86;23,4;19,36;10,41;3,08;3,9;2,16;2,29;8,91;18,26;22,71;20,63;14,08;8,16;3,52;1,09;0,34;0;14,83;15,92;20,13;19,94;16,75;8,89;2,82;0,61;0,12;0
1;Rondônia;Pública;Urbana;716,48;202,42;248,28;265,13;;265,13;9,4;9,2;16,07;23,99;20,24;11,44;3,12;4,18;2,36;2,02;8,21;17,49;22,65;20,99;14,55;8,72;3,79;1,2;0,36;0;14,91;15,97;20,06;19,48;16,91;9,04;2,89;0,61;0,12;0
1;Rondônia;Total;Rural;692,15;191,04;248,23;256,57;292,43;285,63;21,99;14,75;22,45;18,27;12,64;3,57;3,67;1,99;0,66;3,79;12,46;21,88;22,82;19,1;11,88;5,07;2,19;0,57;0,23;0;14,07;15,18;19,95;24,34;15,56;7,8;2,3;0,54;0,25;0
1;Rondônia;Total;Total;720,51;204,17;251,13;267,62;292,7;269,87;9,84;8,89;15,12;21,6;18,89;11,37;5,35;5,84;3,1;2,09;8,22;16,96;21,65;20,73;14,87;9,07;4,21;1,61;0,58;0;14,03;15,21;19,22;19,61;17,39;9,8;3,58;0,88;0,29;0
1;Rondônia;Total;Urbana;723,76;206,34;251,46;267,88;308,82;267,95;8,45;8,21;14,27;21,99;19,61;12,27;5,54;6,28;3,38;1,81;7,52;16,15;21,45;21;15,36;9,72;4,55;1,79;0,63;0;14,03;15,21;19,14;19,07;17,59;10,03;3,72;0,92;0,29;0
2;Acre;Privada;Total;777,62;252,27;296,44;323,14;;323,14;0,79;1,67;2,26;7,2;12,81;23,67;17,82;17,15;16,63;0;0,74;1,98;10,03;15,63;19,77;18,85;19,25;10,19;3,07;0,5;3,23;3,35;8,74;14,82;20,37;23,72;13,86;8,59;3,33;0
2;Acre;Privada;Urbana;777,62;252,27;296,44;323,14;;323,14;0,79;1,67;2,26;7,2;12,81;23,67;17,82;17,15;16,63;0;0,74;1,98;10,03;15,63;19,77;18,85;19,25;10,19;3,07;0,5;3,23;3,35;8,74;14,82;20,37;23,72;13,86;8,59;3,33;0
2;Acre;Pública;Rural;714,93;185,06;229,3;249,69;285,82;252,04;11,41;13,36;15,33;20,43;16,61;8,73;6,95;5,05;2,14;3,99;15,33;25,6;22,42;16,37;9,79;4,75;1,1;0,6;0,06;0;28,65;17,22;20,06;17,95;11,78;3,45;0,79;0,1;0;0
2;Acre;Pública;Total;726,7;204,33;244,82;264,23;287,84;265,42;6,88;12,85;10,2;20,27;17,41;13,34;10,73;5,78;2,54;2,27;8,13;16,87;21,35;20,28;15,88;8,94;3,98;1,85;0,44;0;17,67;15,9;19,47;19,82;16,44;7,71;2,23;0,67;0,08;0
2;Acre;Pública;Urbana;728,95;208,08;249,21;265,62;288,1;266,72;6,01;12,75;9,22;20,24;17,56;14,22;11,45;5,92;2,62;1,93;6,73;15,17;21,15;21,04;17,07;9,75;4,54;2,1;0,52;0;14,56;15,53;19,3;20,35;17,76;8,92;2,64;0,83;0,11;0
2;Acre;Total;Rural;714,93;185,06;229,3;249,69;285,82;252,04;11,41;13,36;15,33;20,43;16,61;8,73;6,95;5,05;2,14;3,99;15,33;25,6;22,42;16,37;9,79;4,75;1,1;0,6;0,06;0;28,65;17,22;20,06;17,95;11,78;3,45;0,79;0,1;0;0
2;Acre;Total;Total;729,51;207,33;247,12;267,31;287,84;268,3;6,54;12,23;9,76;19,55;17,16;13,91;11,12;6,41;3,32;2,13;7,67;15,94;20,64;19,99;16,12;9,56;4,94;2,37;0,61;0,03;17,02;15,34;18,99;19,6;16,62;8,43;2,75;1,02;0,23;0
2;Acre;Total;Urbana;732,11;211,35;251,87;268,9;288,1;269,79;5,67;12,03;8,77;19,39;17,26;14,84;11,86;6,65;3,53;1,79;6,29;14,2;20,32;20,64;17,27;10,43;5,63;2,69;0,71;0,04;13,93;14,84;18,7;20,04;17,9;9,75;3,27;1,27;0,29;0
3;Amazonas;Privada;Rural;;230,87;261,72;285,58;;285,58;;;;;;;;;;0;7,14;0;35,71;0;21,43;7,14;21,43;0;7,14;0;15,38;11,54;3,85;15,38;30,77;15,38;7,69;0;0;0
3;Amazonas;Privada;Total;760,93;245,14;282,38;295,66;;295,66;3,92;0;3,97;16,09;21,1;20,69;13,72;2,26;18,25;0,11;1,86;4,45;10,4;14,66;20,54;21,73;16,03;7,87;2,35;0;5,47;6,56;10,33;19,58;21,19;18,94;10,85;5,63;1,46;0
3;Amazonas;Privada;Urbana;760,93;245,18;282,6;295,8;;295,8;3,92;0;3,97;16,09;21,1;20,69;13,72;2,26;18,25;0,11;1,84;4,46;10,32;14,71;20,53;21,78;16,01;7,9;2,33;0;5,36;6,51;10,4;19,62;21,09;18,98;10,88;5,69;1,47;0
3;Amazonas;Pública;Rural;719,18;177,68;214,17;216,93;283,87;218,02;11,11;9,44;11,31;17,22;16,88;26,12;7,2;0,5;0,22;7,17;20,25;25,73;20,82;13,11;6,66;4,1;1,73;0,32;0,1;0;41,23;20,58;16,67;11,5;6,68;2,39;0,8;0,13;0,02;0
3;Amazonas;Pública;Total;727,97;201,59;239,43;240,73;282,21;241,76;6,01;10,39;12,43;19,22;18,53;16,99;7,1;5,98;3,36;2,95;10,3;18,41;20,65;18,19;13,57;8,52;4,62;1,95;0,81;0,02;22,58;17,23;18,74;17,25;13,21;7,38;2,55;0,78;0,29;0
3;Amazonas;Pública;Urbana;729,2;205,68;244,34;245,77;282;246,74;5,3;10,52;12,59;19,5;18,76;15,72;7,08;6,74;3,79;2,23;8,59;17,16;20,62;19,06;14,75;9,28;5,12;2,23;0,93;0,03;18,95;16,58;19,14;18,37;14,47;8,35;2,89;0,9;0,34;0
3;Amazonas;Total;Rural;719,18;177,77;214,36;217,13;283,87;218,22;11,11;9,44;11,31;17,22;16,88;26,12;7,2;0,5;0,22;7,16;20,23;25,69;20,84;13,09;6,68;4,11;1,76;0,32;0,11;0;41,12;20,54;16,62;11,51;6,78;2,44;0,83;0,13;0,02;0
3;Amazonas;Total;Total;730,92;204,77;241,96;242,75;282,21;243,69;5,82;9,46;11,68;18,94;18,76;17,32;7,69;5,64;4,69;2,75;9,68;17,39;19,9;17,93;14,08;9,49;5,46;2,38;0,92;0,02;21,57;16,6;18,24;17,39;13,68;8,06;3,04;1,06;0,36;0
3;Amazonas;Total;Urbana;732,4;209,01;246,98;247,95;282;248,82;5,16;9,46;11,72;19,16;18,99;16,22;7,75;6,29;5,25;2,05;8,02;16,09;19,75;18,69;15,24;10,33;6,04;2,71;1,05;0,03;18,02;15,88;18,54;18,46;14,93;9,08;3,44;1,23;0,42;0
4;Roraima;Privada;Rural;;;;;;;;;;;;;;;;;;;;;;;;;;;;;;;;;;;;
4;Roraima;Privada;Total;778,23;238,61;294,71;311,14;;311,14;0;0,35;2,93;9,46;13,19;16,01;27,38;19,83;10,85;0,32;1,29;6,23;12,04;17,52;20,91;19,71;14,75;6,2;1,02;0;0,49;5,26;7,57;18,59;26,07;17,02;13,49;9,21;2,3;0
4;Roraima;Privada;Urbana;778,23;238,61;294,71;311,14;;311,14;0;0,35;2,93;9,46;13,19;16,01;27,38;19,83;10,85;0,32;1,29;6,23;12,04;17,52;20,91;19,71;14,75;6,2;1,02;0;0,49;5,26;7,57;18,59;26,07;17,02;13,49;9,21;2,3;0
4;Roraima;Pública;Rural;697,93;169,13;205,74;227,15;283,57;232,85;14;21,15;14,3;21,77;17,27;7,88;2,52;1,13;0;6,7;29,69;23,19;21,07;12,26;4,85;1,71;0,52;0;0;0;46,94;22,83;16,96;9,35;2,43;1,5;0;0;0;0
4;Roraima;Pública;Total;738,89;196,88;238,04;254,17;283,57;254,75;8,43;14;9,77;14,56;10,22;8,45;14,14;7,66;12,78;2,94;12,52;18,49;22,02;18,14;13,15;7,27;3,64;1,47;0,37;0;22,42;17,76;18,67;19,01;12,7;6,45;2,18;0,58;0,22;0
4;Roraima;Pública;Urbana;747,36;205,15;246,72;259,99;;259,99;7,27;12,52;8,84;13,07;8,76;8,57;16,54;9,01;15,42;1,81;7,41;17,09;22,31;19,89;15,62;8,93;4,56;1,9;0,48;0;15,82;16,4;19,13;21,61;15,47;7,78;2,76;0,74;0,28;0
4;Roraima;Total;Rural;697,93;169,13;205,74;227,15;283,57;232,85;14;21,15;14,3;21,77;17,27;7,88;2,52;1,13;0;6,7;29,69;23,19;21,07;12,26;4,85;1,71;0,52;0;0;0;46,94;22,83;16,96;9,35;2,43;1,5;0;0;0;0
4;Roraima;Total;Total;741,84;200,72;241,52;256,84;283,57;257,34;7,79;12,97;9,26;14,17;10,44;9,02;15,13;8,57;12,63;2,7;11,49;17,36;21,11;18,08;13,86;8,42;4,66;1,9;0,43;0;21,07;16,99;17,99;18,99;13,53;7,1;2,87;1,11;0,35;0
4;Roraima;Total;Urbana;750,12;209,04;250,4;262,87;;262,87;6,63;11,44;8,31;12,74;9,16;9,23;17,51;9,97;15,01;1,64;6,7;15,83;21,12;19,61;16,23;10,18;5,75;2,4;0,54;0;14,65;15,54;18,24;21,38;16,28;8,49;3,58;1,39;0,44;0
5;Pará;Privada;Rural;755,54;189,81;234,96;272,82;220,74;254,73;0;0;14,29;0;28,57;28,57;14,29;14,29;0;0;7,14;35,71;14,29;35,71;7,14;0;0;0;0;0;22,22;11,11;33,33;33,33;0;0;0;0;0;0
5;Pará;Privada;Total;748,35;230,31;277;300,5;220,74;300,19;4,41;6;6,06;23,87;9,64;18,99;11,97;9,11;9,96;0,5;2,59;5,78;17,58;20,88;20,6;16,26;10,44;2,34;2,52;0,5;5,06;8,44;14,11;18,96;22,23;15,74;10,13;3,93;1,42;0
5;Pará;Privada;Urbana;748,3;230,55;277,28;300,7;;300,7;4,44;6,04;6;24,05;9,49;18,92;11,95;9,07;10,03;0,5;2,56;5,6;17,6;20,79;20,68;16,35;10,5;2,36;2,54;0,51;4,94;8,42;13,98;18,86;22,37;15,84;10,2;3,95;1,43;0
5;Pará;Pública;Rural;718,65;174,41;219;232,88;273,42;233,84;14,71;0,69;26,74;10,5;13,26;19,65;2,37;8,06;4,03;6,96;21,21;27,88;21,62;12,23;5,94;2,68;1,1;0,32;0,08;0;34,91;21,76;20,1;13,4;6,91;2,33;0,51;0,07;0,01;0
5;Pará;Pública;Total;723,55;187,55;232,45;244,59;278,51;246,2;9,18;5,95;19,48;17,68;12,61;19,05;10,71;3,47;1,86;4,19;14,22;23,1;23,39;17,16;10,3;4,94;1,97;0,59;0,12;0;24,09;19,98;21,3;17,47;11,15;4,47;1,14;0,32;0,08;0
5;Pará;Pública;Urbana;724,78;192,82;238;246,26;278,83;247,91;7,8;7,27;17,67;19,47;12,45;18,9;12,79;2,32;1,32;3,08;11,42;21,18;24,11;19,14;12,05;5,85;2,33;0,7;0,14;0;19,62;19,24;21,79;19,15;12,9;5,36;1,4;0,43;0,11;0
5;Pará;Total;Rural;718,83;174,44;219,03;233,08;268,23;233,99;14,64;0,69;26,68;10,45;13,34;19,69;2,43;8,09;4,01;6,95;21,18;27,9;21,6;12,27;5,94;2,68;1,09;0,32;0,07;0;34,88;21,74;20,13;13,45;6,89;2,33;0,51;0,07;0,01;0
5;Pará;Total;Total;726,49;191,49;236,52;248,95;278,13;250,24;8,62;5,96;17,89;18,41;12,26;19,05;10,86;4,14;2,82;3,85;13,15;21,5;22,86;17,5;11,25;5,98;2,75;0,75;0,34;0,05;22,35;18,92;20,64;17,61;12,16;5,5;1,96;0,65;0,2;0
5;Pará;Total;Urbana;728,14;197,49;242,86;251,03;278,83;252,32;7,32;7,09;16;20,13;12,03;18,91;12,67;3,29;2,57;2,76;10,32;19,25;23,3;19,35;13,12;7,15;3,34;0,91;0,44;0,07;17,8;17,9;20,83;19,12;14,07;6,65;2,49;0,86;0,27;0
6;Amapá;Privada;Rural;;;;210,25;;210,25;;;;;;;;;;;;;;;;;;;;;;;;;;;;;;
6;Amapá;Privada;Total;768,53;233,8;280,03;292,2;;292,2;0;2,28;7,46;9,39;10,9;22,4;21,49;20,34;5,74;0,38;1,37;8,24;14,72;18,29;20,76;17,49;12,55;4,61;1,6;0;6,45;7,31;12,2;16,19;21;21,07;9,42;4,97;1,39;0
6;Amapá;Privada;Urbana;768,53;233,8;280,03;299,05;;299,05;0;2,28;7,46;9,39;10,9;22,4;21,49;20,34;5,74;0,38;1,37;8,24;14,72;18,29;20,76;17,49;12,55;4,61;1,6;0;6,45;7,31;12,2;16,19;21;21,07;9,42;4,97;1,39;0
6;Amapá;Pública;Rural;718,59;174,86;215,56;234,09;;234,09;18,37;13,64;14,46;12,51;12,47;5,53;4,27;8,51;10,25;6,55;19,18;29,42;21,79;13,37;5,97;2,65;0,9;0,11;0,05;0;35,58;25,44;19,25;11,8;6,3;1,25;0,3;0;0,07;0
6;Amapá;Pública;Total;716,31;189,5;232,07;249,04;;249,04;13,14;14,15;16,57;15,35;14,66;9,02;6,47;5,24;5,39;3,78;12,63;23,26;23,55;17,67;10,76;5,28;2,33;0,61;0,13;0;22,89;20,82;22,23;18,18;10,77;4,01;0,93;0,15;0,02;0
6;Amapá;Pública;Urbana;715,87;192,85;235,32;251,96;;251,96;12,13;14,25;16,98;15,9;15,09;9,69;6,9;4,62;4,45;3,15;11,13;21,85;23,95;18,65;11,86;5,88;2,66;0,73;0,15;0;20,39;19,91;22,81;19,43;11,65;4,55;1,05;0,18;0,01;0
6;Amapá;Total;Rural;718,59;174,86;215,56;233,01;;233,01;18,37;13,64;14,46;12,51;12,47;5,53;4,27;8,51;10,25;6,55;19,18;29,42;21,79;13,37;5,97;2,65;0,9;0,11;0,05;0;35,58;25,44;19,25;11,8;6,3;1,25;0,3;0;0,07;0
6;Amapá;Total;Total;720,92;193,63;236,01;252,97;;252,97;11,98;13,11;15,77;14,82;14,33;10,2;7,8;6,58;5,42;3,47;11,58;21,86;22,73;17,72;11,7;6,41;3,28;0,98;0,27;0;21,54;19,71;21,4;18,01;11,61;5,42;1,63;0,55;0,13;0
6;Amapá;Total;Urbana;721,33;197,45;239,65;256,65;;256,65;10,87;13,01;15,99;15,22;14,65;11,01;8,41;6,24;4,58;2,84;10,04;20,32;22,92;18,61;12,86;7,18;3,77;1,16;0,31;0;19,04;18,69;21,78;19,12;12,56;6,15;1,86;0,64;0,15;0
7;Tocantins;Privada;Rural;745,61;209,95;;;;;0;8,11;13,51;13,51;21,62;5,41;24,32;5,41;8,11;5,88;5,88;14,71;29,41;8,82;8,82;14,71;8,82;0;2,94;0;;;;;;;;;;
7;Tocantins;Privada;Total;760,77;247,47;294,87;338,96;;338,96;1,71;3,37;4,77;11,9;16,57;20,44;20,31;12,95;7,98;0,35;1,14;4,5;9,26;12,85;21,38;23,42;17,07;6,92;3;0,11;2,98;4,66;8,73;12,17;23,96;22,28;14,11;8,29;2,83;0
7;Tocantins;Privada;Urbana;761,2;248,64;294,87;338,96;;338,96;1,76;3,23;4,52;11,85;16,43;20,87;20,2;13,17;7,97;0,18;0,99;4,18;8,64;12,97;21,77;23,69;17,32;7,14;3;0,12;2,98;4,66;8,73;12,17;23,96;22,28;14,11;8,29;2,83;0
7;Tocantins;Pública;Rural;705,49;181,2;231,54;249,56;266,12;257,87;11,62;24,11;14,77;14,8;14,58;11,68;3,55;2,24;2,65;5,42;16,26;28,09;21,19;15,41;7,69;4,13;1,42;0,29;0,1;0;24,09;20,48;22,37;15,99;10,51;5,24;1,11;0,17;0,05;0
7;Tocantins;Pública;Total;713,91;197,86;245,59;260,88;282,45;262,3;9,56;14,01;20,18;17,29;11,23;12,01;10,98;3,89;0,85;3,26;10,65;19,95;21,47;18,69;12,55;7,64;3,77;1,51;0,5;0,01;18,26;15,87;19,27;18,38;15,23;8,55;3,31;0,88;0,26;0
7;Tocantins;Pública;Urbana;714,41;199,58;246,83;261,32;301,02;262,63;9,44;13,42;20,5;17,44;11,03;12,03;11,42;3,99;0,74;3,03;10,07;19,11;21,49;19,03;13,06;8;4,01;1,64;0,54;0,01;17,75;15,46;19;18,59;15,65;8,84;3,5;0,94;0,27;0
7;Tocantins;Total;Rural;707,94;182,12;231,54;249,56;266,12;257,87;10,91;23,13;14,69;14,72;15,01;11,3;4,82;2,44;2,98;5,43;15,93;27,66;21,45;15,21;7,73;4,46;1,66;0,28;0,19;0;24,09;20,48;22,37;15,99;10,51;5,24;1,11;0,17;0,05;0
7;Tocantins;Total;Total;719,31;202,46;248,63;265,37;282,45;266,43;8,65;12,79;18,4;16,67;11,85;12,98;12,06;4,93;1,67;2,99;9,77;18,52;20,33;18,15;13,37;9,1;5;2,01;0,73;0,02;17,32;15,18;18,62;17,99;15,77;9,39;3,97;1,34;0,42;0
7;Tocantins;Total;Urbana;719,94;204,42;250,04;265,95;301,02;267,04;8,53;12,21;18,61;16,78;11,67;13,07;12,46;5,07;1,59;2,75;9,17;17,64;20,23;18,44;13,92;9,55;5,33;2,18;0,79;0,02;16,76;14,74;18,31;18,16;16,21;9,74;4,21;1,43;0,45;0
8;Maranhão;Privada;Rural;768,57;221,01;258,62;302,89;223,01;246,96;0;0;8,62;8,62;10,34;37,96;15,53;5,15;13,77;1,12;4,77;4,77;21,48;20,46;24,91;17,36;3,64;1,12;0,37;0;13,71;13,03;17,62;16,52;15,87;15,27;3,99;3,62;0,37;0
8;Maranhão;Privada;Total;754,83;231,16;275,84;300,34;223,01;294,14;2,06;4,64;8,22;8,35;23,29;16,93;18,49;11,65;6,38;0,04;2,92;6,08;15,27;21,21;20,92;17,11;10,5;3,51;2,44;0;5,27;8,02;15,31;19,43;21,87;15,57;9,11;3,89;1,52;0
8;Maranhão;Privada;Urbana;754,07;231,58;276,52;300,24;;300,24;2,17;4,89;8,2;8,33;24;15,78;18,65;12;5,97;0;2,84;6,14;15,01;21,24;20,76;17,09;10,78;3,61;2,53;0;4,94;7,82;15,22;19,55;22,1;15,58;9,31;3,9;1,56;0
8;Maranhão;Pública;Rural;726,8;179,05;213,58;225,1;272,61;229,47;8,44;12,18;12,16;10,53;20,47;14,89;14;5,54;1,79;5,6;19,09;26,64;22,27;13,55;7,28;3,65;1,35;0,47;0,1;0;42,12;20,51;16,62;11,42;6,27;2,18;0,69;0,16;0,03;0
8;Maranhão;Pública;Total;716,97;186,51;225,09;241,33;291,87;244,32;15,11;8,8;16,19;16,48;12,67;14,13;8,6;5,25;2,78;4,33;15,25;23,98;22,91;16,03;9,55;4,89;2,1;0,73;0,22;0,01;32,39;19,76;18,35;14,32;9,25;4,13;1,3;0,4;0,09;0
8;Maranhão;Pública;Urbana;713,45;189,87;230,44;244,09;297,74;246,95;17,49;7,59;17,63;18,61;9,88;13,86;6,66;5,14;3,14;3,76;13,52;22,78;23,2;17,15;10,57;5,44;2,44;0,84;0,28;0,01;27,88;19,42;19,15;15,67;10,63;5,04;1,58;0,51;0,12;0
8;Maranhão;Total;Rural;728,43;179,79;214,06;226,13;260,88;230,15;8,11;11,71;12,03;10,45;20,07;15,79;14,06;5,52;2,25;5,52;18,84;26,25;22,25;13,67;7,59;3,89;1,39;0,48;0,1;0;41,82;20,43;16,63;11,48;6,37;2,32;0,72;0,2;0,04;0
8;Maranhão;Total;Total;723,39;192,02;229,3;244,26;287,22;246,85;12,89;8,09;14,84;15,1;14,47;14,61;10,27;6,33;3,39;3,8;13,72;21,77;21,97;16,67;10,96;6,4;3,14;1,07;0,5;0;30,14;18,79;18,1;14,75;10,3;5,08;1,94;0,69;0,21;0
8;Maranhão;Total;Urbana;721,91;196,71;235,65;247,21;297,74;249,76;14,3;7,03;15,66;16,47;12,82;14,26;9,16;6,57;3,73;3,15;11,76;20,05;21,86;17,82;12,25;7,36;3,81;1,29;0,65;0,01;25,28;18,11;18,71;16,11;11,93;6,23;2,45;0,9;0,28;0
9;Piauí;Privada;Rural;;;255,26;252,76;;252,76;;;;;;;;;;;;;;;;;;;;;11,54;3,85;26,92;26,92;19,23;7,69;3,85;0;0;0
9;Piauí;Privada;Total;776,94;248,11;296,44;338,9;;338,9;0;0;2,92;11,66;21,58;5,54;9,53;43,11;5,65;0,36;1,35;3,86;8,98;16,64;18,99;20,71;16,88;9,15;3,09;0;3,44;4,49;8,85;15,11;19,41;20,91;14,43;8,09;5,28;0
9;Piauí;Privada;Urbana;776,94;248,11;296,64;339,3;;339,3;0;0;2,92;11,66;21,58;5,54;9,53;43,11;5,65;0,36;1,35;3,86;8,98;16,64;18,99;20,71;16,88;9,15;3,09;0;3,4;4,49;8,76;15,06;19,41;20,97;14,48;8,13;5,31;0
9;Piauí;Pública;Rural;732,49;186,97;232,73;234,37;256,32;241,53;12,46;12,55;9,29;10,15;21,07;8,93;9,58;8,01;7,96;4,26;15,4;24,05;22,13;16,26;9,07;5,44;2,44;0,72;0,23;0,01;25,73;19,14;19,65;16,23;11,72;5,01;1,9;0,44;0,18;0
9;Piauí;Pública;Total;723,17;198,08;243,59;254,95;274,48;258,6;11,02;13,19;7,5;18,4;16,59;19,11;8,71;2,96;2,53;2,9;11,12;19,85;21,34;18,22;13,11;7,79;3,81;1,43;0,42;0,01;19,85;16,24;18,83;18,14;14,64;8,19;2,87;0,89;0,35;0
9;Piauí;Pública;Urbana;720,77;201,9;247,1;256,21;277;259,88;10,66;13,35;7,03;20,52;15,43;21,73;8,48;1,66;1,14;2,42;9,64;18,4;21,07;18,89;14,5;8,6;4,28;1,68;0,49;0,01;17,95;15,3;18,57;18,76;15,58;9,21;3,19;1,04;0,4;0
9;Piauí;Total;Rural;732,49;186,97;232,79;234,59;256,32;241,62;12,46;12,55;9,29;10,15;21,07;8,93;9,58;8,01;7,96;4,26;15,4;24,05;22,13;16,26;9,07;5,44;2,44;0,72;0,23;0,01;25,69;19,1;19,67;16,26;11,75;5,02;1,91;0,44;0,18;0
9;Piauí;Total;Total;731,03;204,76;250,21;265,94;274,48;267,36;9,41;11,26;6,83;17,41;17,32;17,13;8,83;8,83;2,99;2,56;9,81;17,71;19,69;18,01;13,89;9,52;5,55;2,46;0,78;0,01;17,8;14,76;17,58;17,76;15,24;9,78;4,32;1,79;0,97;0
9;Piauí;Total;Urbana;730,72;209,84;254,96;267,61;277;269,08;8,77;10,99;6,31;18,95;16,52;18,86;8,66;9,01;1,94;2,07;8,22;15,9;19;18,5;15,27;10,68;6,44;2,96;0,94;0,01;15,64;13,58;17,01;18,17;16,19;11,08;4,98;2,16;1,18;0
10;Ceará;Privada;Rural;795,49;245,43;277,7;;275,83;275,83;0;0;0;8,33;0;25;16,67;25;25;0;0;4,55;9,09;27,27;4,55;40,91;0;13,64;0;0;0;10;20;10;20;40;0;0;0;0
10;Ceará;Privada;Total;754,18;251,88;288,97;321,48;275,83;321,37;0;2,38;11,89;14,28;14,27;26,19;11,91;9,54;9,54;0;0,45;2,5;10,75;17,75;15,85;21,86;17,25;10,15;3,44;0;3,5;6,38;9,68;16,7;20,32;21,74;11,81;7,69;2,18;0
10;Ceará;Privada;Urbana;754,13;251,89;288,97;321,48;;321,48;0;2,38;11,9;14,29;14,29;26,19;11,9;9,52;9,52;0;0,45;2,5;10,75;17,74;15,86;21,84;17,27;10,14;3,44;0;3,51;6,38;9,67;16,71;20,32;21,73;11,82;7,69;2,18;0
10;Ceará;Pública;Rural;726,43;219,74;258,92;259,26;293,33;265,58;5,4;16,01;18,88;18,6;8,28;3,02;18,78;8,08;2,95;1,88;7,08;13,76;17,02;16,98;14,96;11,21;8,03;5,06;3,84;0,17;16,27;12,24;15,25;16,74;16,37;10,94;6,41;3,88;1,89;0
10;Ceará;Pública;Total;749,06;219,93;258,54;262,88;310,04;271,63;4,26;7,16;9,12;12,97;14,93;16,01;16,46;11,87;7,22;1,57;6,25;12,98;17,47;18,51;15,75;11,82;7,69;4,51;3,26;0,19;14,43;12,57;16,18;18,1;17,2;11,55;5,66;2,83;1,48;0
10;Ceará;Pública;Urbana;755,3;219,98;258,43;263,11;311,08;272,01;3,94;4,72;6,43;11,42;16,76;19,59;15,81;12,92;8,4;1,48;6;12,75;17,61;18,97;15,99;12;7,58;4,34;3,09;0,19;13,93;12,66;16,43;18,47;17,43;11,72;5,45;2,55;1,37;0
10;Ceará;Total;Rural;726,47;219,77;258,93;259,26;293;265,62;5,4;16;18,87;18,59;8,28;3,03;18,78;8,09;2,96;1,88;7,07;13,75;17,02;16,99;14,95;11,24;8,02;5,07;3,84;0,17;16,27;12,24;15,25;16,74;16,37;10,95;6,41;3,88;1,89;0
10;Ceará;Total;Total;749,63;225,8;262,91;268,7;310;275,73;3,78;6,63;9,43;13,12;14,85;17,15;15,95;11,61;7,48;1,28;5,18;11,06;16,24;18,37;15,77;13,67;9,45;5,54;3,3;0,15;12,86;11,68;15,24;17,9;17,65;13,02;6,54;3,53;1,58;0
10;Ceará;Total;Urbana;755,14;227,21;263,81;269,22;311,08;276,31;3,4;4,4;7,18;11,82;16,42;20,5;15,28;12,45;8,55;1,14;4,74;10,43;16,06;18,69;15,96;14,23;9,78;5,65;3,17;0,15;12,09;11,55;15,24;18,16;17,94;13,48;6,58;3,45;1,51;0
11;Rio Grande do Norte;Privada;Rural;764,26;198,87;269,26;275,24;;275,24;0;0;0;33,33;6,67;13,33;20;13,33;13,33;0;13,04;13,04;34,78;13,04;4,35;17,39;4,35;0;0;0;3,57;21,43;14,29;10,71;25;14,29;10,71;0;0;0
11;Rio Grande do Norte;Privada;Total;753;238,54;285,82;306,1;;306,1;0;3,88;7,76;9,53;28,16;21,92;14,22;6,08;8,46;0,22;1,66;5,92;11,81;19,65;22,73;15,38;13,84;6,19;2,48;0,11;4,6;6,04;11,65;17,21;21,36;18,99;10,85;6,95;2,34;0
11;Rio Grande do Norte;Privada;Urbana;752,91;238,89;285,87;306,21;;306,21;0;3,91;7,82;9,34;28,33;21,99;14,17;6,02;8,42;0,23;1,56;5,86;11,61;19,71;22,89;15,36;13,92;6,24;2,5;0,12;4,6;5,99;11,64;17,23;21,35;19,01;10,85;6,98;2,35;0
11;Rio Grande do Norte;Pública;Rural;711,27;177,63;229,57;237,21;324,53;266,29;14,23;8,82;18,12;23,13;14,79;6,52;11,21;0,32;2,86;8,09;18,18;24,67;22,67;13,91;7,63;3,4;1,1;0,29;0,06;0;25,48;20,61;20,82;17,41;11;3,76;0,77;0,12;0,04;0
11;Rio Grande do Norte;Pública;Total;711,07;187,64;238,18;250,54;315,36;264,74;7,17;13,75;24,53;19,58;16,94;6,94;7,59;1,33;2,16;5,7;14,26;21,92;21,89;16,97;10,91;5,52;2,16;0,53;0,13;0,01;21,03;17,89;20,83;18,4;13,47;6,4;1,5;0,36;0,12;0
11;Rio Grande do Norte;Pública;Urbana;711,02;190,17;239,58;250,99;314,79;264,67;5,68;14,79;25,88;18,83;17,39;7,03;6,83;1,54;2,02;5,09;13,27;21,22;21,69;17,75;11,74;6,06;2,43;0,59;0,15;0,01;20,3;17,45;20,84;18,56;13,87;6,83;1,61;0,4;0,13;0
11;Rio Grande do Norte;Total;Rural;712,1;177,86;229,79;237,83;324,53;266,39;14,01;8,68;17,84;23,29;14,66;6,63;11,35;0,52;3,03;8;18,13;24,55;22,8;13,91;7,59;3,55;1,13;0,29;0,06;0;25,36;20,61;20,78;17,37;11,07;3,82;0,83;0,12;0,04;0
11;Rio Grande do Norte;Total;Total;721,73;197,94;247,21;257,95;315,36;269,18;5,35;11,24;20,27;17,02;19,79;10,75;9,27;2,54;3,76;4,59;11,71;18,68;19,85;17,52;13,3;7,52;4,53;1,67;0,61;0,03;17,91;15,64;19,09;18,18;14,97;8,79;3,27;1,61;0,54;0
11;Rio Grande do Norte;Total;Urbana;723,19;201,84;249,45;258,56;314,79;269,28;4,03;11,63;20,64;16,07;20,57;11,38;8,96;2,84;3,88;3,93;10,46;17,54;19,28;18,22;14,41;8,29;5,19;1,94;0,72;0,03;16,95;15;18,88;18,28;15,47;9,43;3,58;1,8;0,6;0
12;Paraíba;Privada;Rural;749,12;221,79;256,3;;;;0;0;3,13;28,13;25;25;6,25;12,5;0;0;3,57;17,86;7,14;21,43;28,57;7,14;14,29;0;0;0;4,55;13,64;22,73;36,36;9,09;9,09;4,55;0;0;0
12;Paraíba;Privada;Total;753,55;241,39;280,85;304,45;;304,45;1,75;3,29;3,63;19,61;15,02;25,06;20,62;8,16;2,87;0,53;0,71;3,83;10,36;18,96;24,22;20,14;15,56;3,49;2,02;0,18;6,03;7,3;12,25;16,38;22,42;19,06;9,27;4,85;2,44;0
12;Paraíba;Privada;Urbana;753,57;241,44;280,92;304,45;;304,45;1,75;3,3;3,63;19,57;14,99;25,06;20,67;8,14;2,88;0,53;0,7;3,79;10,36;18,96;24,21;20,18;15,57;3,5;2,02;0,19;6,03;7,28;12,22;16,33;22,45;19,08;9,28;4,87;2,45;0
12;Paraíba;Pública;Rural;715,74;189,77;232,27;241,08;277,37;249,7;11,07;15,24;12,07;12,27;23,3;13,09;9,12;3,83;0;4,09;15,12;22,84;20,99;15,83;11,12;5,75;3,05;0,87;0,33;0;26,11;17,99;20,44;17,54;10,46;5,54;1,46;0,37;0,08;0
12;Paraíba;Pública;Total;745,07;196;238,25;252,3;278,36;258,31;4,63;6,97;12,04;10,68;19,11;15,02;11,5;15,32;4,73;3;11,68;20,2;21,75;18,57;12,94;7,19;3,23;1,1;0,33;0,01;21,78;17,39;19,96;18,59;13,71;6,27;1,7;0,48;0,12;0
12;Paraíba;Pública;Urbana;749,9;197,28;239,06;252,81;278,41;258,71;3,57;5,61;12,04;10,41;18,42;15,33;11,89;17,21;5,51;2,78;10,97;19,65;21,91;19,13;13,31;7,48;3,27;1,15;0,32;0,01;21,2;17,31;19,9;18,74;14,15;6,36;1,73;0,49;0,13;0
12;Paraíba;Total;Rural;716;189,88;232,37;241,08;277,37;249,7;10,98;15,12;12;12,39;23,32;13,18;9,1;3,9;0;4,08;15,07;22,82;20,94;15,85;11,18;5,76;3,09;0,87;0,33;0;26,02;17,97;20,45;17,62;10,45;5,56;1,47;0,37;0,08;0
12;Paraíba;Total;Total;747,1;205,08;245,02;260,88;278,36;264,38;3,94;6,09;10,03;12,82;18,13;17,42;13,68;13,6;4,29;2,51;9,49;16,92;19,47;18,64;15,2;9,78;5,7;1,58;0,66;0,05;19,28;15,79;18,74;18,24;15,09;8,3;2,9;1,17;0,49;0
12;Paraíba;Total;Urbana;750,88;207,49;246,43;261,63;278,41;264,97;3,09;4,99;9,79;12,87;17,5;17,94;14,24;14,78;4,81;2,26;8,6;15,99;19,24;19,09;15,83;10,42;6,11;1,69;0,72;0,05;18,53;15,54;18,55;18,31;15,61;8,6;3,06;1,26;0,54;0
13;Pernambuco;Privada;Rural;756,23;211,87;249,47;;;;0;9,09;9,09;9,09;9,09;36,36;0;9,09;18,18;0;0;18,18;27,27;18,18;18,18;18,18;0;0;0;0;8,47;15,25;30,51;11,86;27,12;5,08;1,69;0;0;0
13;Pernambuco;Privada;Total;768,63;226,01;279,78;312,87;;312,87;0;0,11;0,27;8,96;23,03;25,33;23,76;13,46;5,07;0,81;1,72;9,05;15,93;23,44;21,04;14,56;8,76;3,54;0,95;0,22;4,38;7,28;14,25;19,15;21,5;18,17;8,77;4,88;1,62;0
13;Pernambuco;Privada;Urbana;768,78;226,2;280,14;312,87;;312,87;0;0;0,16;8,96;23,2;25,19;24,06;13,52;4,91;0,82;1,74;8,92;15,78;23,51;21,08;14,51;8,88;3,59;0,96;0,22;4,33;7,19;14,05;19,24;21,43;18,33;8,86;4,93;1,64;0
13;Pernambuco;Pública;Rural;775,36;198,4;243,64;268,33;292,56;270,9;1,04;3,12;2,85;14,28;10,39;10,65;23,9;15,33;18,44;3,17;12,07;18,95;21;17,69;12,71;7,96;3,98;1,71;0,74;0,02;20,52;15,93;18,57;18,23;13,85;7,83;3,27;1,26;0,54;0
13;Pernambuco;Pública;Total;741,5;199,66;246,21;270,81;315,4;275,06;4,03;6,68;13,65;15,18;13,28;16,31;18,65;7,47;4,74;2,83;10,43;18,44;21,59;19,08;13,77;8,13;3,81;1,44;0,48;0,01;18,18;15,64;18,87;18,69;15,36;8,54;3,18;1,14;0,38;0
13;Pernambuco;Pública;Urbana;733,61;199,98;246,74;270,98;317,18;275,35;4,72;7,51;16,16;15,39;13,96;17,63;17,43;5,64;1,55;2,74;10,01;18,31;21,73;19,44;14,04;8,17;3,76;1,37;0,42;0;17,7;15,59;18,94;18,78;15,68;8,69;3,16;1,12;0,35;0
13;Pernambuco;Total;Rural;774,85;198,68;243,72;268,33;292,56;270,9;1,01;3,27;3,02;14,15;10,35;11,32;23,28;15,16;18,44;3,1;11,82;18,93;21,13;17,7;12,82;8,18;3,9;1,67;0,72;0,02;20,36;15,92;18,73;18,14;14,03;7,8;3,25;1,24;0,54;0
13;Pernambuco;Total;Total;749,35;206,05;251,89;275,64;315,4;279,03;2,86;4,78;9,78;13,38;16,1;18,92;20,13;9,2;4,84;2,34;8,32;16,16;20,21;20,14;15,54;9,69;5,01;1,95;0,59;0,06;15,85;14,23;18,09;18,76;16,4;10,17;4,13;1,78;0,59;0
13;Pernambuco;Total;Urbana;745,27;207,43;253,26;276,08;317,18;279,54;3,16;5,02;10,86;13,26;17,02;20,13;19,63;8,25;2,66;2,2;7,66;15,65;20,04;20,59;16,04;9,97;5,22;2;0,57;0,07;15,09;13,95;17,99;18,87;16,8;10,57;4,27;1,87;0,6;0
14;Alagoas;Privada;Rural;755,12;248,55;294,85;;;;0;5,56;5,56;2,78;27,78;27,78;19,44;5,56;5,56;0;0;11,43;8,57;14,29;8,57;20;22,86;5,71;8,57;0;2,86;0;5,71;20;20;31,43;17,14;2,86;0;0
14;Alagoas;Privada;Total;762,8;242,06;277,06;283,92;;283,92;1,02;0,04;5,72;6,38;28,93;20,59;20,27;10;7,06;0;0,68;5,78;9,73;21;21,99;16,48;14,97;5,91;3,47;0;7,4;6,83;12,19;17,74;23,67;17,83;9,57;3,56;1,2;0
14;Alagoas;Privada;Urbana;762,85;242,02;276,96;283,92;;283,92;1,03;0;5,72;6,4;28,94;20,54;20,27;10,03;7,07;0;0,68;5,74;9,73;21,04;22,07;16,46;14,93;5,91;3,44;0;7,42;6,87;12,22;17,72;23,69;17,76;9,53;3,57;1,21;0
14;Alagoas;Pública;Rural;723,69;201,71;241,9;247,08;250,85;247,32;6,06;10,62;8,68;14,98;34,66;18,21;6,17;0,61;0,04;3,52;13,43;18,66;18,15;15,44;12,25;8,51;5,28;2,76;1,93;0,07;24,84;15,47;16,75;15,55;12,95;7,29;3,72;2,36;1,07;0
14;Alagoas;Pública;Total;734,84;204,24;242,56;249,82;279,48;254,93;4,65;11,83;13,71;14,44;21,42;12,22;7,95;3,39;10,39;2,88;11,21;17,58;19,4;16,95;13,49;8,84;5,08;2,77;1,71;0,08;22,49;15,97;17,95;16,86;13,51;7,37;3,26;1,7;0,89;0
14;Alagoas;Pública;Urbana;738,88;205,26;242,74;250,02;280,12;255,41;4,13;12,27;15,54;14,25;16,62;10,05;8,6;4,4;14,15;2,61;10,32;17,14;19,91;17,56;13,99;8,98;5;2,77;1,62;0,09;21,86;16,1;18,27;17,21;13,66;7,39;3,14;1,53;0,84;0
14;Alagoas;Total;Rural;723,89;201,92;242,13;247,08;250,85;247,32;6,02;10,59;8,66;14,9;34,61;18,27;6,25;0,64;0,07;3,51;13,37;18,63;18,11;15,44;12,23;8,56;5,35;2,77;1,96;0,07;24,74;15,4;16,7;15,57;12,98;7,39;3,78;2,36;1,07;0
14;Alagoas;Total;Total;740,41;210,75;247,7;254,78;279,48;258,5;3,92;9,48;12,12;12,84;22,92;13,89;10,41;4,7;9,73;2,38;9,4;15,55;17,74;17,65;14,95;10,16;6,78;3,31;2,01;0,07;20,24;14,61;17,09;16,99;15,02;8,92;4,2;1,98;0,94;0
14;Alagoas;Total;Urbana;744,92;213,53;248,92;255,25;280,12;259,12;3,35;9,17;13,06;12,27;19,72;12,7;11,54;5,82;12,36;2,03;8,15;14,58;17,62;18,35;15,81;10,66;7,23;3,47;2,03;0,07;19,26;14,43;17,17;17,31;15,47;9,26;4,3;1,9;0,91;0
15;Sergipe;Privada;Rural;753,56;224,15;286,75;;;;0;0;6,67;20;16,67;33,33;6,67;13,33;3,33;0;2,38;7,14;16,67;26,19;21,43;11,9;14,29;0;0;0;4;4;8;16;24;36;4;0;4;0
15;Sergipe;Privada;Total;758,11;228,07;276,68;307,28;;307,28;0;1,06;9,02;16,77;21,76;15,37;16,05;10,27;9,69;0,6;1,76;6,74;18,24;21,51;20,6;16,16;9,07;3,96;1,36;0;4,64;8,93;13,33;19,18;23,79;17,56;7,96;3,23;1,38;0
15;Sergipe;Privada;Urbana;758,2;228,13;276,59;307,28;;307,28;0;1,08;9,06;16,71;21,85;15,04;16,23;10,22;9,81;0,61;1,75;6,73;18,27;21,44;20,59;16,22;8,99;4,02;1,38;0;4,65;8,98;13,38;19,21;23,79;17,39;8;3,26;1,36;0
15;Sergipe;Pública;Rural;689,68;181,39;229,15;238,92;301,34;249,62;18,45;15,71;21,85;22,05;16,39;1,14;3,77;0,53;0,11;4,65;18,29;25,97;22,77;14,15;8,27;3,68;1,58;0,5;0,14;0;26,97;19,26;21,25;17,81;9,22;4,3;0,99;0,17;0,03;0
15;Sergipe;Pública;Total;698,97;187,52;234,62;252,25;291,52;253,54;17,89;16,22;17,79;16,63;16,13;8,58;3,55;2,57;0,63;3,76;14,84;23,5;23,42;16,61;9,91;5,09;2,07;0,63;0,16;0;23,18;18,51;21;18,2;12,17;5,42;1,21;0,25;0,06;0
15;Sergipe;Pública;Urbana;701,93;190,05;236,21;253;286,78;253,8;17,72;16,38;16,51;14,91;16,05;10,94;3,48;3,22;0,8;3,39;13,42;22,47;23,69;17,63;10,59;5,67;2,27;0,69;0,17;0,01;22,07;18,29;20,93;18,32;13,02;5,75;1,28;0,28;0,06;0
15;Sergipe;Total;Rural;691,54;181,99;229,73;238,92;301,34;249,62;17,91;15,25;21,4;21,99;16,39;2,08;3,86;0,9;0,21;4,58;18,07;25,71;22,68;14,32;8,46;3,8;1,76;0,5;0,14;0;26,74;19,11;21,12;17,79;9,37;4,61;1,02;0,17;0,07;0
15;Sergipe;Total;Total;715,81;196,55;243,12;260,62;291,52;261,48;12,8;11,9;15,29;16,67;17,73;10,51;7,11;4,76;3,21;3,05;11,93;19,77;22,27;17,7;12,29;7,56;3,63;1,37;0,43;0;19,43;16,57;19,45;18,4;14,52;7,88;2,58;0,85;0,32;0
15;Sergipe;Total;Urbana;721,05;200,9;246,09;261,64;286,78;262,14;11,7;11,18;13,98;15,52;18,02;12,33;7,81;5,6;3,86;2,6;10,09;17,99;22,15;18,72;13,44;8,68;4,18;1,63;0,51;0;17,81;16,01;19,08;18,53;15,66;8,6;2,92;1,01;0,38;0
16;Bahia;Privada;Rural;738,57;200,03;229,77;;269,76;269,76;0;0;8,33;16,67;33,33;33,33;8,33;0;0;0;7,14;14,29;28,57;21,43;21,43;7,14;0;0;0;0;33,33;8,33;25;8,33;8,33;16,67;0;0;0;0
16;Bahia;Privada;Total;751,39;237,14;278,73;309,1;271,74;305,8;3,6;0;3,26;5,51;33,9;31,28;12,6;7,94;1,89;0,58;0,9;6,98;12,57;20,52;19,7;17,07;12,31;6,77;2,62;0;5,01;6,05;15,61;18,28;20,93;18,83;10,53;3,43;1,33;0
16;Bahia;Privada;Urbana;751,56;237,67;279,81;309,1;282,22;308,69;3,65;0;3,2;5,37;33,91;31,25;12,66;8,05;1,92;0,58;0,81;6,87;12,34;20,5;19,67;17,21;12,49;6,87;2,65;0;4,39;6;15,41;18,5;21,21;18,88;10,76;3,5;1,36;0
16;Bahia;Pública;Rural;730,07;183,97;229,26;239,26;257,61;239,63;7;3,98;10,38;16,91;13,43;38,54;6,56;3,21;0;5,38;15,78;24,3;22,84;15,55;9,53;4,33;1,68;0,49;0,12;0;27,34;19,58;20,3;16,56;10,44;4,48;1,01;0,22;0,08;0
16;Bahia;Pública;Total;717,39;192,93;236,02;246;256,6;246,93;7,24;15,03;15,46;19,84;16,29;15,02;5,26;5,85;0;3,64;11,85;20,77;23,29;18,47;12,14;6,27;2,59;0,77;0,2;0,01;22,46;18,3;20,61;18,33;12,76;5,74;1,39;0,3;0,1;0
16;Bahia;Pública;Urbana;713,61;196,34;238,16;246,56;256,59;247,5;7,31;18,33;16,97;20,72;17,14;8,01;4,88;6,64;0;2,98;10,35;19,42;23,47;19,58;13,14;7;2,94;0,88;0,23;0,01;20,92;17,9;20,71;18,9;13,5;6,14;1,51;0,32;0,1;0
16;Bahia;Total;Rural;730,18;184,15;229,27;239,26;267,35;241,9;6,91;3,92;10,35;16,9;13,69;38,47;6,58;3,17;0;5,32;15,68;24,19;22,9;15,62;9,66;4,37;1,66;0,49;0,12;0;27,42;19,43;20,36;16,45;10,41;4,64;0,99;0,21;0,07;0
16;Bahia;Total;Total;723,92;200,84;241,56;250,58;257,7;251,21;6,54;12,15;13,12;17,09;19,67;18,14;6,67;6,25;0,36;3,1;9,89;18,3;21,37;18,84;13,49;8,2;4,33;1,85;0,63;0;20,2;16,71;19,96;18,33;13,82;7,44;2,58;0,7;0,25;0
16;Bahia;Total;Urbana;722,46;205,79;244,86;251,45;256,91;251,93;6,45;14,05;13,76;17,14;21,05;13,43;6,69;6,97;0,45;2,44;8,17;16,55;20,92;19,79;14,63;9,34;5,12;2,25;0,78;0,01;18,26;15,98;19,86;18,83;14,74;8,19;3;0,84;0,3;0
17;Minas Gerais;Privada;Rural;756,27;216,9;250,35;285,42;293,86;292,71;0;0;10,71;14,29;28,57;10,71;17,86;7,14;10,71;0;0;18,18;22,73;13,64;22,73;13,64;9,09;0;0;0;18,38;14,34;13,6;13,6;24,26;9,56;5,15;0;1,1;0
17;Minas Gerais;Privada;Total;772,8;264,15;313,93;340,36;298,95;339,58;0;0,2;4,39;5,47;18,93;18,14;24,22;18,52;10,13;0;1,01;1,62;4,19;10,48;18,42;18,69;27,89;12,54;4,89;0,27;1,19;2,07;4,88;7,86;15,37;26,73;22,02;13,39;6,49;0
17;Minas Gerais;Privada;Urbana;772,82;264,22;314,33;340,49;321,82;340,43;0;0,2;4,38;5,46;18,92;18,14;24,22;18,53;10,13;0;1,01;1,6;4,16;10,47;18,41;18,7;27,92;12,55;4,9;0,27;1,08;1,99;4,83;7,82;15,31;26,83;22,13;13,48;6,52;0
17;Minas Gerais;Pública;Rural;670,42;206,87;245,23;255,19;323,16;272,12;48,45;13,88;7,83;11,63;3,47;5,16;5,13;1,85;2,6;2,43;8,02;15,89;20,27;19,49;15,47;10,92;4,95;2,03;0,53;0;19,28;15,53;18,66;17,26;15,86;9,34;2,98;0,83;0,27;0
17;Minas Gerais;Pública;Total;740,52;216,17;255,77;268,95;327,38;271,54;3,66;8,37;12,19;12,31;21,53;14,08;13,31;9,08;5,47;1,68;5,55;12,15;18,02;20,44;18,62;13,29;6,87;2,57;0,79;0,02;14,28;12,52;16,54;18,97;19,12;12,23;4,53;1,38;0,42;0
17;Minas Gerais;Pública;Urbana;744,21;216,69;256,29;269,22;328,06;271,53;1,31;8,08;12,42;12,35;22,48;14,55;13,74;9,46;5,62;1,63;5,41;11,94;17,9;20,5;18,79;13,42;6,98;2,6;0,81;0,02;14,04;12,37;16,44;19,06;19,28;12,37;4,6;1,41;0,43;0
17;Minas Gerais;Total;Rural;670,66;206,91;245,31;255,64;316,56;273,71;48,31;13,84;7,84;11,64;3,54;5,18;5,17;1,86;2,63;2,42;7,99;15,9;20,28;19,47;15,5;10,93;4,96;2,02;0,53;0;19,26;15,51;18,58;17,2;16;9,35;3,01;0,82;0,28;0
17;Minas Gerais;Total;Total;744,82;222,52;262,09;276,56;326,05;278,62;3,17;7,28;11,15;11,4;21,19;14,62;14,76;10,34;6,09;1,45;4,95;10,76;16,19;19,13;18,59;14,01;9,65;3,88;1,33;0,06;12,86;11,38;15,27;17,77;18,72;13,8;6,43;2,69;1,08;0
17;Minas Gerais;Total;Urbana;748,19;223,27;262,83;276,93;327,99;278,74;1,12;6,98;11,3;11,39;21,99;15,05;15,2;10,72;6,25;1,41;4,8;10,51;16;19,11;18,74;14,15;9,88;3,97;1,37;0,06;12,58;11,2;15,13;17,79;18,84;14;6,58;2,77;1,12;0
18;Espírito Santo;Privada;Rural;;;;;;;;;;;;;;;;;;;;;;;;;;;;;;;;;;;;
18;Espírito Santo;Privada;Total;762,54;261,2;305,12;321,15;311,87;321,09;1,48;1,79;0,85;10,33;25,53;21,18;22,89;9,21;6,75;0,18;0,84;0,72;6,39;11,78;16,39;24,22;22,83;11,53;4,85;0,27;3,1;3,19;6;10,65;19,37;21,35;19,33;11,8;5,2;0
18;Espírito Santo;Privada;Urbana;762,54;261,2;305,12;321,15;311,87;321,09;1,48;1,79;0,85;10,33;25,53;21,18;22,89;9,21;6,75;0,18;0,84;0,72;6,39;11,78;16,39;24,22;22,83;11,53;4,85;0,27;3,1;3,19;6;10,65;19,37;21,35;19,33;11,8;5,2;0
18;Espírito Santo;Pública;Rural;741,79;217,91;261,48;293,56;326,93;308,27;3,34;1,84;7,75;13,63;22,34;37,12;9,66;0,27;4,05;1,11;4,62;11,65;19,48;20,95;18,44;12,47;7,3;3,16;0,78;0,03;10,28;11,14;16,55;20,47;21,39;12,95;5,62;1,33;0,27;0
18;Espírito Santo;Pública;Total;751,66;217,52;254,2;278,36;311,68;284,14;3,39;7,45;7,79;13,03;15,79;17,17;12;13,89;9,48;1,08;4,65;11,76;18,88;21,18;18,67;13,49;6,93;2,64;0,69;0,02;14,72;12,76;17,07;19,41;18,6;11,43;4,46;1,19;0,36;0
18;Espírito Santo;Pública;Urbana;752,41;217,48;253,58;277,95;309,98;283,15;3,4;7,87;7,79;12,99;15,3;15,67;12,18;14,92;9,89;1,08;4,66;11,77;18,82;21,2;18,69;13,59;6,89;2,6;0,69;0,02;15,1;12,9;17,11;19,32;18,36;11,3;4,36;1,18;0,36;0
18;Espírito Santo;Total;Rural;741,79;217,91;261,48;293,56;326,93;308,27;3,34;1,84;7,75;13,63;22,34;37,12;9,66;0,27;4,05;1,11;4,62;11,65;19,48;20,95;18,44;12,47;7,3;3,16;0,78;0,03;10,28;11,14;16,55;20,47;21,39;12,95;5,62;1,33;0,27;0
18;Espírito Santo;Total;Total;753,14;223,23;260,03;283,85;311,68;288,17;3,13;6,68;6,84;12,66;17,11;17,72;13,48;13,25;9,11;0,96;4,15;10,32;17,25;19,95;18,37;14,9;9,01;3,81;1,24;0,05;13,39;11,66;15,8;18,41;18,69;12,56;6,16;2,41;0,91;0
18;Espírito Santo;Total;Urbana;753,87;223,64;259,92;283,61;309,99;287,43;3,12;6,99;6,79;12,6;16,78;16,46;13,73;14,09;9,44;0,95;4,12;10,21;17,07;19,87;18,37;15,08;9,14;3,85;1,27;0,06;13,62;11,7;15,74;18,26;18,49;12,53;6,2;2,49;0,96;0
19;Rio de Janeiro;Privada;Rural;824,82;225,36;281,17;307,85;;307,85;0;0;0;0;6,67;0;20;6,67;66,67;0;0;7,69;23,08;15,38;15,38;30,77;7,69;0;0;0;2,01;9,36;16,05;13,71;20,4;24,08;11,37;3,01;0;0
19;Rio de Janeiro;Privada;Total;769,83;243,81;275,6;306,7;294,99;306,37;0;0;0;4,06;30,27;25,55;18,94;14,69;6,48;0;0,79;6,67;10,94;18,8;15,93;20,37;13,79;10,03;2,68;0;7,04;7,36;14,02;16,18;21,8;19,17;10,75;3,08;0,61;0
19;Rio de Janeiro;Privada;Urbana;769,25;243,99;275,56;306,7;294,99;306,36;0;0;0;4,1;30,52;25,82;18,93;14,77;5,85;0;0,8;6,66;10,82;18,83;15,94;20,26;13,85;10,13;2,71;0;7,08;7,35;14;16,19;21,81;19,13;10,74;3,08;0,62;0
19;Rio de Janeiro;Pública;Rural;731,43;203,68;243,48;257,64;273,87;260,29;5,71;13,84;18,12;10,71;13,12;10,27;7,41;20,81;0;2,19;7,53;16,2;22,56;21,55;16,18;8,49;3,74;1,16;0,38;0,02;16,9;16,7;21,22;20,64;14,9;7,17;1,97;0,34;0,16;0
19;Rio de Janeiro;Pública;Total;737,75;205,24;246,81;256,65;291,6;260,79;3,16;9,56;11,01;11,68;23,27;17,8;10,79;11,51;1,24;2,52;7,65;15,33;21,14;21,42;16,29;9,56;4,31;1,38;0,39;0,01;16,39;15,58;19,82;19,93;16,31;8,33;2,59;0,76;0,27;0
19;Rio de Janeiro;Pública;Urbana;738,26;205,36;247,01;256,62;292,58;260,81;2,96;9,22;10,44;11,75;24,07;18,4;11,06;10,77;1,33;2,54;7,66;15,26;21,04;21,41;16,29;9,64;4,35;1,4;0,39;0,01;16,36;15,52;19,74;19,88;16,4;8,41;2,63;0,79;0,28;0
19;Rio de Janeiro;Total;Rural;736,67;204,78;245,16;259,99;273,87;262,17;5,39;13,06;17,1;10,11;12,76;9,69;8,12;20,02;3,75;2,08;7,15;15,77;22,59;21,23;16,14;9,62;3,94;1,1;0,36;0,02;16,24;16,37;20,99;20,34;15,15;7,92;2,39;0,46;0,15;0
19;Rio de Janeiro;Total;Total;747,26;215,97;254,7;268,03;291,81;270,39;2,22;6,73;7,74;9,42;25,34;20,1;13,21;12,45;2,79;1,82;5,75;12,92;18,31;20,69;16,19;12,57;6,95;3,79;1,03;0;13,83;13,33;18,23;18,9;17,82;11,3;4,83;1,4;0,36;0
19;Rio de Janeiro;Total;Urbana;747,87;216,61;255,14;268,27;292,73;270,66;2,04;6,36;7,2;9,38;26,07;20,7;13,5;12,01;2,74;1,8;5,67;12,76;18,06;20,66;16,19;12,73;7,12;3,94;1,07;0;13,72;13,19;18,11;18,83;17,94;11,46;4,94;1,44;0,37;0
20;São Paulo;Privada;Rural;779,92;255,95;285,41;345,74;312,85;343,26;0;0,78;0,97;6,41;17,88;23,01;12,11;21,76;17,08;0,62;0,62;0,62;10,79;10,09;19,42;28,7;12,41;11,4;5,34;0;2,64;6,31;7,74;22,14;25,39;20,74;8,75;4,91;1,39;0
20;São Paulo;Privada;Total;787,02;263,4;298,96;332,15;314,96;331,86;2,8;0,28;2,3;4,55;8,93;19,75;20,14;15,62;25,64;0,96;0;1,26;4,39;11,03;18,27;21,32;24,21;13,45;5,11;0;3,44;4,55;5,85;11,99;20,98;22,89;17,26;8,33;4,71;0
20;São Paulo;Privada;Urbana;787,07;263,45;299,03;332,07;315,02;331,79;2,81;0,27;2,3;4,54;8,87;19,73;20,19;15,57;25,7;0,96;0;1,26;4,35;11,03;18,26;21,27;24,29;13,47;5,11;0;3,44;4,54;5,84;11,93;20,95;22,91;17,31;8,35;4,73;0
20;São Paulo;Pública;Rural;736,23;223,92;261,06;272,75;283,02;275,57;7,45;6,72;5,99;12,87;30,34;25,49;2,67;1,58;6,89;1,2;4,82;9,8;16,18;19,37;19,04;14,45;9,05;4,59;1,45;0,05;11,48;11,73;15,81;19,06;20,34;14,15;5,49;1,54;0,4;0
20;São Paulo;Pública;Total;739,56;224,28;259,72;269,21;321,26;272,8;2,68;8,26;9,56;19,18;18,7;19,26;13,17;5,56;3,62;1,3;4,37;9,68;15,79;19,68;19,46;15,14;9,16;4,02;1,36;0,04;12,23;11,76;16,02;19,26;20,01;13,55;5,23;1,5;0,44;0
20;São Paulo;Pública;Urbana;739,62;224,29;259,7;269,17;323,56;272,76;2,6;8,29;9,63;19,3;18,49;19,15;13,36;5,63;3,56;1,3;4,36;9,68;15,79;19,69;19,47;15,15;9,16;4,01;1,36;0,04;12,24;11,76;16,02;19,27;20,01;13,54;5,23;1,5;0,44;0
20;São Paulo;Total;Rural;739,92;226,48;262,84;279,84;283,7;280,84;6,82;6,22;5,57;12,32;29,29;25,28;3,47;3,29;7,76;1,15;4,48;9,06;15,75;18,63;19,07;15,59;9,32;5,13;1,76;0,04;10,84;11,33;15,22;19,29;20,71;14,63;5,73;1,79;0,47;0
20;São Paulo;Total;Total;748,91;231,89;267,1;280,12;320,97;282,59;2,71;6,69;8,13;16,3;16,78;19,36;14,54;7,54;7,96;1,23;3,52;8,04;13,58;18;19,23;16,34;12,08;5,85;2,09;0,03;10,58;10,4;14,11;17,89;20,19;15,31;7,49;2,78;1,24;0
20;São Paulo;Total;Urbana;749,05;231,98;267,16;280,12;323,16;282,61;2,64;6,69;8,17;16,36;16,57;19,26;14,72;7,61;7,97;1,23;3,5;8,03;13,54;17,99;19,24;16,35;12,13;5,87;2,09;0,03;10,57;10,39;14,09;17,87;20,19;15,32;7,52;2,8;1,25;0
21;Paraná;Privada;Rural;775,04;282,88;313,2;309,56;;309,56;2,33;0;2,33;6,98;13,95;27,91;18,6;9,3;18,6;0;0;0;3,57;0;10,71;25;32,14;21,43;7,14;0;0;0;6,9;13,79;17,24;24,14;17,24;17,24;3,45;0
21;Paraná;Privada;Total;772,79;256,49;303,3;330,29;;330,29;2,58;0,53;0,54;6,86;14,29;30,19;14,72;21,78;8,51;0,27;0,31;4,07;6,52;12,1;21,13;21,54;13,93;13,72;6,42;0;2,49;2,47;5,69;11,53;21,41;26,92;15,7;9,58;4,2;0
21;Paraná;Privada;Urbana;772,78;256,46;303,27;330,49;;330,49;2,58;0,53;0,53;6,86;14,29;30,19;14,72;21,8;8,48;0,27;0,31;4,08;6,53;12,11;21,14;21,53;13,91;13,7;6,42;0;2,5;2,48;5,69;11,53;21,43;26,93;15,69;9,55;4,2;0
21;Paraná;Pública;Rural;741,72;217,47;259,5;273,45;299,95;277,7;1,73;8,34;17,29;9,28;13,93;19,74;19,51;6,55;3,63;0,91;4,6;11,86;19,72;20,54;19,33;12,4;7,09;2,66;0,84;0,06;11,1;12,1;18,2;19,74;18,9;12,31;5,58;1,61;0,47;0
21;Paraná;Pública;Total;739,14;226,7;261,58;276,99;297,07;279,95;2,87;8,63;10,05;17,21;16,98;18,94;16,96;5;3,36;0,66;3,15;8,92;16,08;20,64;20,38;15,42;9,19;4,13;1,39;0,04;10,67;11,61;16,51;19,8;20,43;13,36;5,4;1,69;0,52;0
21;Paraná;Pública;Urbana;739;227,22;261,7;277,17;296,91;280,06;2,93;8,65;9,65;17,64;17,15;18,9;16,81;4,92;3,34;0,65;3,06;8,75;15,87;20,65;20,44;15,59;9,31;4,21;1,42;0,04;10,65;11,59;16,42;19,81;20,52;13,42;5,39;1,69;0,52;0
21;Paraná;Total;Rural;741,93;217,75;260,08;275,03;299,95;278,88;1,73;8,29;17,19;9,27;13,93;19,79;19,5;6,56;3,72;0,91;4,58;11,81;19,65;20,45;19,29;12,45;7,2;2,74;0,86;0,06;10,98;11,97;18,08;19,68;18,88;12,44;5,7;1,77;0,5;0
21;Paraná;Total;Total;743,72;230,85;267,13;286,81;297,07;288,08;2,83;7,53;8,75;15,8;16,62;20,47;16,65;7,28;4,06;0,61;2,75;8,24;14,74;19,45;20,49;16,27;9,85;5,47;2,09;0,04;9,58;10,4;15,07;18,7;20,56;15,17;6,77;2,74;1,01;0
21;Paraná;Total;Urbana;743,8;231,49;267,49;287,32;296,91;288,49;2,88;7,5;8,35;16,11;16,74;20,5;16,52;7,32;4,07;0,59;2,66;8,07;14,51;19,4;20,54;16,46;9,98;5,6;2,15;0,03;9,51;10,32;14,92;18,65;20,64;15,3;6,82;2,79;1,03;0
22;Santa Catarina;Privada;Rural;777,11;258,55;;;;;0;0;3,03;9,09;12,12;21,21;21,21;21,21;12,12;0;0;4,35;0;13,04;26,09;21,74;21,74;13,04;0;0;;;;;;;;;;
22;Santa Catarina;Privada;Total;792,77;270,65;312,21;331,85;329,75;331,85;0;0;0,01;5,23;8;22,81;13,76;32,06;18,12;0;0,78;0,94;3,04;9,67;15,13;24,59;20,37;14,57;10,91;0;1,72;2,18;4,94;9,72;15,82;23,95;20,83;14,41;6,43;0
22;Santa Catarina;Privada;Urbana;792,84;270,69;312,21;331,85;329,75;331,85;0;0;0;5,22;7,98;22,81;13,73;32,11;18,15;0;0,79;0,93;3,05;9,66;15,09;24,6;20,36;14,57;10,96;0;1,72;2,18;4,94;9,72;15,82;23,95;20,83;14,41;6,43;0
22;Santa Catarina;Pública;Rural;758,44;226,56;262,85;278,1;322,28;287,8;0,65;0,27;7,51;11,94;17,65;25,3;21,6;11,52;3,57;0,76;3,49;9,2;15,43;19,91;20,85;15,88;9,09;3,86;1,48;0,04;9,89;10,23;16,63;21,15;20,99;13,82;5,58;1,41;0,3;0
22;Santa Catarina;Pública;Total;756,76;228,78;264,87;278,88;317,54;282,54;1,65;3,47;6,13;17;14,7;21,51;16,26;11,35;7,93;0,63;3,05;8,24;14,97;19,94;20,84;16,71;10;4,17;1,4;0,05;8,91;10,32;16,01;20,28;22,05;14,97;5,55;1,56;0,35;0
22;Santa Catarina;Pública;Urbana;756,61;228,96;265;278,9;317,2;282,38;1,73;3,76;6;17,45;14,43;21,17;15,79;11,34;8,32;0,62;3,01;8,16;14,93;19,94;20,84;16,77;10,07;4,2;1,4;0,05;8,85;10,32;15,97;20,22;22,12;15,04;5,55;1,57;0,35;0
22;Santa Catarina;Total;Rural;758,62;226,81;262,85;278,1;322,28;287,8;0,64;0,26;7,46;11,91;17,6;25,27;21,59;11,61;3,65;0,76;3,46;9,17;15,31;19,86;20,89;15,92;9,19;3,93;1,47;0,04;9,89;10,23;16,63;21,15;20,99;13,82;5,58;1,41;0,3;0
22;Santa Catarina;Total;Total;762,02;234,58;270,46;286,53;317,59;289,08;1,41;2,97;5,23;15,28;13,72;21,7;15,9;14,38;9,42;0,55;2,74;7,23;13,32;18,52;20,05;17,8;11,43;5,61;2,72;0,04;8,06;9,36;14,7;19,03;21,31;16,03;7,36;3,08;1,07;0
22;Santa Catarina;Total;Urbana;762,28;235,13;270,89;286,71;317,25;289,12;1,46;3,17;5,06;15,54;13,42;21,43;15,46;14,59;9,86;0,53;2,69;7,09;13,18;18,42;19,99;17,93;11,59;5,73;2,81;0,04;7,96;9,31;14,59;18,91;21,33;16,16;7,46;3,18;1,11;0
23;Rio Grande do Sul;Privada;Rural;782,13;251,31;;295,24;;295,24;0;0;3,85;0;19,23;19,23;19,23;23,08;15,38;0;0;8,33;0;8,33;25;33,33;16,67;8,33;0;0;;;;;;;;;;
23;Rio Grande do Sul;Privada;Total;780,38;258,91;301,84;323,01;308,15;322,97;0;1,59;2,55;6,54;9,68;26,52;20,79;19,14;13,2;0;0,3;1,96;6,2;11,59;18,72;23,94;23,14;11,3;2,85;0;2,69;2,7;6,4;13,02;20,71;22,76;19,72;7,96;4,04;0
23;Rio Grande do Sul;Privada;Urbana;780,38;258,91;301,84;323,26;308,15;323,21;0;1,59;2,55;6,54;9,66;26,53;20,8;19,13;13,2;0;0,3;1,95;6,2;11,59;18,72;23,94;23,15;11,31;2,85;0;2,69;2,7;6,4;13,02;20,71;22,76;19,72;7,96;4,04;0
23;Rio Grande do Sul;Pública;Rural;725,05;216,39;256,53;267,69;280,31;273,72;3,69;13,31;11,88;17,31;26,19;18,43;4,87;0,81;3,51;1,34;5,05;12,44;18,54;20,57;18,8;13,26;6,6;2,58;0,82;0;11,75;12,87;17,29;20,96;20,41;11,86;3,61;0,97;0,27;0
23;Rio Grande do Sul;Pública;Total;734,65;216,78;257,54;273,55;307,29;277,8;4,53;5,84;11,42;17,47;23,53;17,65;9,12;7,62;2,83;1,55;5,06;11,9;18,14;20,65;19,03;13,49;7,03;2,48;0,65;0,01;11,61;12,13;17,34;21,33;20,5;11,59;4,05;1,14;0,32;0
23;Rio Grande do Sul;Pública;Urbana;735,39;216,81;257,62;273,69;312,03;277,97;4,59;5,26;11,38;17,48;23,33;17,59;9,45;8,14;2,78;1,57;5,06;11,86;18,11;20,66;19,05;13,5;7,06;2,47;0,64;0,02;11,6;12,07;17,35;21,36;20,51;11,57;4,09;1,15;0,32;0
23;Rio Grande do Sul;Total;Rural;725,27;216,44;256,53;269,37;280,31;274,43;3,68;13,26;11,85;17,24;26,16;18,43;4,93;0,89;3,55;1,33;5,04;12,43;18,52;20,55;18,81;13,29;6,61;2,59;0,82;0;11,75;12,87;17,29;20,96;20,41;11,86;3,61;0,97;0,27;0
23;Rio Grande do Sul;Total;Total;741,78;222,63;263;280,99;307,29;283,87;3,82;5,18;10,03;15,76;21,38;19,03;10,94;9,41;4,44;1,33;4,4;10,52;16,48;19,4;18,99;14,94;9,27;3,7;0,96;0,01;10,51;10,96;15,99;20,3;20,52;12,97;5,98;1,98;0,78;0
23;Rio Grande do Sul;Total;Urbana;742,85;223,05;263,47;281,24;312,01;284,21;3,83;4,65;9,92;15,67;21,07;19,07;11,33;9,96;4,5;1,33;4,35;10,39;16,35;19,32;19;15,05;9,45;3,78;0,97;0,01;10,42;10,83;15,9;20,26;20,53;13,05;6,15;2,05;0,82;0
24;Mato Grosso do Sul;Privada;Rural;764,16;215,48;;263,4;264,2;263,52;0;0;0;5,26;31,58;26,32;26,32;10,53;0;0;6,9;13,79;13,79;24,14;20,69;17,24;3,45;0;0;0;;;;;;;;;;
24;Mato Grosso do Sul;Privada;Total;774,47;251,61;304,31;326,98;264,2;326,62;0,18;0,53;2,06;12,97;14,82;18,26;22,64;10,51;18,03;0,14;1,35;3,23;7,19;15,37;21,71;20,1;17,98;8,55;4,26;0,12;2,74;4,04;5,66;9,81;19,94;24,08;18,15;10,38;5,19;0
24;Mato Grosso do Sul;Privada;Urbana;774,54;252,03;304,31;329,05;;329,05;0,18;0,54;2,08;13,02;14,7;18,2;22,61;10,51;18,16;0,14;1,28;3,11;7,12;15,27;21,72;20,13;18,15;8,65;4,31;0,12;2,74;4,04;5,66;9,81;19,94;24,08;18,15;10,38;5,19;0
24;Mato Grosso do Sul;Pública;Rural;738,48;184,7;229,85;245,49;306,56;257,31;3,92;8,84;11,36;20,4;15,53;11,21;15,26;7,89;5,59;5,04;16,23;23,26;22,74;15,76;9,53;5,26;1,49;0,59;0,11;0;28,72;18,03;20,27;15,1;11,31;4,83;1,49;0,24;0;0
24;Mato Grosso do Sul;Pública;Total;738,1;203,48;250,89;265,91;280,14;267,1;3,34;5,25;13,32;10,24;30,29;19,47;11,09;2,89;4,11;2,03;7,17;16,7;23,03;21,57;15,44;8,92;3,81;1,13;0,18;0,01;14,47;14,46;19,13;20,25;17,99;9,26;3,3;0,85;0,29;0
24;Mato Grosso do Sul;Pública;Urbana;738,07;205,25;252,74;267,46;274,11;267,95;3,28;4,88;13,52;9,2;31,81;20,32;10,66;2,38;3,95;1,75;6,32;16,08;23,06;22,12;15,99;9,27;4,03;1,18;0,19;0,01;13,22;14,15;19,03;20,7;18,58;9,65;3,46;0,9;0,32;0
24;Mato Grosso do Sul;Total;Rural;738,76;185,23;229,85;246,41;304,9;257,61;3,88;8,74;11,24;20,24;15,7;11,38;15,38;7,92;5,53;4,95;16,07;23,1;22,59;15,9;9,72;5,46;1,52;0,58;0,11;0;28,72;18,03;20,27;15,1;11,31;4,83;1,49;0,24;0;0
24;Mato Grosso do Sul;Total;Total;742,73;209,01;256,21;272,48;280,02;273,05;2,94;4,65;11,89;10,59;28,32;19,32;12,56;3,86;5,88;1,82;6,5;15,15;21,21;20,86;16,16;10,21;5,44;1,99;0,65;0,02;13,3;13,42;17,79;19,21;18,18;10,74;4,78;1,8;0,78;0
24;Mato Grosso do Sul;Total;Urbana;743,09;211,02;258,28;274,33;274,11;274,32;2,85;4,28;11,95;9,72;29,45;20,03;12,31;3,5;5,91;1,55;5,7;14,48;21,1;21,27;16,7;10,61;5,77;2,1;0,7;0,02;12,09;13,06;17,59;19,53;18,72;11,2;5,04;1,92;0,84;0
25;Mato Grosso;Privada;Rural;;271,95;;;;;;;;;;;;;;0;0;0;0;0;11,11;55,56;33,33;0;0;0;;;;;;;;;;
25;Mato Grosso;Privada;Total;771,6;254,45;292,48;313,69;;313,69;0;2,48;10,22;6,73;11,96;17,65;19,46;15,35;16,15;0,09;0,52;2,18;8,96;12,03;19,62;23,25;21,22;7,64;4,1;0,4;4,46;3,99;7,7;14,76;20,95;23,18;15,29;7,18;2,49;0
25;Mato Grosso;Privada;Urbana;771,6;254,42;292,48;313,69;;313,69;0;2,48;10,22;6,73;11,96;17,65;19,46;15,35;16,15;0,09;0,52;2,18;8,98;12,06;19,63;23,19;21,19;7,65;4,11;0,4;4,46;3,99;7,7;14,76;20,95;23,18;15,29;7,18;2,49;0
25;Mato Grosso;Pública;Rural;726,51;196,8;237,4;250,11;297,08;258,43;12,63;8,23;13,41;12,88;19,84;14,85;2,94;3,17;12,06;3,22;10,84;19,73;21,88;18,93;13,46;7,44;3,19;1,16;0,15;0;23,42;16,39;19,34;18,58;13,51;6,35;1,91;0,47;0,03;0
25;Mato Grosso;Pública;Total;716,36;206,6;245,37;257,89;319,83;261,87;8,72;14,69;15,48;21,69;14;10,36;7,11;5,15;2,8;2,55;7,76;15,36;20,26;20,43;16,19;10,41;4,89;1,66;0,46;0,01;18,64;14,97;18,64;18,89;16,39;8,86;2,75;0,69;0,17;0
25;Mato Grosso;Pública;Urbana;715,4;207,58;246,17;258,59;327,71;262,23;8,35;15,31;15,67;22,52;13,45;9,94;7,51;5,33;1,93;2,48;7,45;14,93;20,1;20,58;16,47;10,71;5,06;1,71;0,49;0,01;18,16;14,83;18,58;18,92;16,68;9,11;2,83;0,71;0,18;0
25;Mato Grosso;Total;Rural;726,51;197,03;237,4;250,11;297,08;258,43;12,63;8,23;13,41;12,88;19,84;14,85;2,94;3,17;12,06;3,21;10,81;19,67;21,81;18,88;13,46;7,59;3,28;1,16;0,15;0;23,42;16,39;19,34;18,58;13,51;6,35;1,91;0,47;0,03;0
25;Mato Grosso;Total;Total;722,72;212,53;250,31;262,75;319,83;266,12;7,72;13,29;14,87;19,96;13,77;11,2;8,54;6,32;4,34;2,25;6,86;13,73;18,86;19,39;16,62;12,01;6,92;2,4;0,91;0,06;17,16;13,82;17,5;18,46;16,87;10,36;4,06;1,37;0,41;0
25;Mato Grosso;Total;Urbana;722,41;213,88;251,45;263,77;327,71;266,84;7,31;13,7;14,99;20,55;13,27;10,9;9;6,58;3,7;2,16;6,52;13,21;18,6;19,44;16,89;12,39;7,23;2,51;0,98;0,06;16,6;13,59;17,34;18,45;17,16;10,72;4,25;1,45;0,44;0
26;Goiás;Privada;Rural;763,7;203,16;239,69;286,84;267,86;282,62;0;4,17;4,17;4,17;25;25;12,5;16,67;8,33;0;8;20;24;20;12;12;0;0;4;0;20;25;20;5;5;20;5;0;0;0
26;Goiás;Privada;Total;761,62;246,17;291,58;315,27;284,99;314,65;0;3,16;4,18;11,15;22,4;26,7;9,29;13,13;9,99;1,18;1,56;4,75;7,73;15,47;19,34;24,37;15,71;7,3;2,59;0;4,49;4,94;8,59;14,78;20,75;22,94;13,57;6,15;3,79;0
26;Goiás;Privada;Urbana;761,61;246,38;292,05;315,8;290,66;315,4;0;3,15;4,18;11,18;22,39;26,7;9,28;13,12;10;1,19;1,53;4,67;7,66;15,45;19,37;24,43;15,78;7,33;2,58;0;4,35;4,76;8,48;14,87;20,89;22,97;13,65;6,2;3,82;0
26;Goiás;Pública;Rural;755,26;202,27;248,19;265,43;341,03;279,68;6,88;6,79;10,78;13,58;8,64;5,7;10,64;14,19;22,8;2,05;9,79;18,71;20,91;18,99;14,27;8,65;4,19;1,61;0,83;0;16,25;15,63;17,77;21,39;15,14;9,22;3,18;1,16;0,26;0
26;Goiás;Pública;Total;735,13;214,02;256,83;271,6;302,38;272,68;4,99;8,36;12,73;16,46;17,21;19,34;11,25;6,78;2,87;1,37;5,79;13,11;19,61;21,02;17,44;11,96;6,41;2,44;0,83;0,01;12,94;13,18;17,34;19,48;18,28;11,71;4,87;1,66;0,53;0
26;Goiás;Pública;Urbana;734,49;214,47;257,13;271,69;298,24;272,55;4,93;8,41;12,79;16,56;17,49;19,77;11,27;6,55;2,24;1,34;5,64;12,9;19,56;21,1;17,56;12,09;6,49;2,47;0,83;0,01;12,83;13,1;17,33;19,41;18,39;11,8;4,93;1,68;0,54;0
26;Goiás;Total;Rural;755,48;202,29;247,83;268,55;328,35;280,12;6,7;6,72;10,61;13,34;9,06;6,2;10,69;14,25;22,42;2;9,74;18,74;20,99;19,02;14,21;8,73;4,09;1,57;0,91;0;16,42;16,03;17,86;20,68;14,71;9,68;3,26;1,11;0,25;0
26;Goiás;Total;Total;740,09;219,37;261,79;276,98;301,07;277,79;4,05;7,38;11,13;15,47;18,19;20,72;10,89;7,97;4,2;1,34;5,09;11,72;17,64;20,1;17,76;14,03;7,95;3,25;1,12;0,01;11,73;12,01;16,09;18,81;18,64;13,32;6,11;2,3;0,99;0
26;Goiás;Total;Urbana;739,68;219,92;262,22;277,12;297,76;277,74;3,98;7,4;11,14;15,53;18,43;21,1;10,89;7,81;3,72;1,32;4,94;11,49;17,53;20,13;17,87;14,2;8,08;3,3;1,13;0,01;11,59;11,88;16,04;18,75;18,76;13,43;6,2;2,34;1,02;0
27;Distrito Federal;Privada;Rural;;262,7;271,84;302,04;;302,04;;;;;;;;;;0;0;0;0;18,18;18,18;27,27;27,27;9,09;0;0;0;18,18;14,77;19,32;18,18;18,18;7,95;3,41;0;0
27;Distrito Federal;Privada;Total;784,5;270,86;302,92;332,71;307,69;332,31;1,15;0;0,71;5,51;11,44;20,01;22,98;24,25;13,94;0;0;1,51;3,8;7,52;16,1;21,97;24,57;16,18;8,35;0;4,12;3,87;6,28;10,68;19,27;20,98;17,43;10,29;7,08;0
27;Distrito Federal;Privada;Urbana;784,5;270,87;303,48;333,11;307,69;332,71;1,15;0;0,71;5,51;11,44;20,01;22,98;24,25;13,94;0;0;1,52;3,8;7,5;16,1;21,96;24,56;16,19;8,36;0;4,19;3,61;6,13;10,52;19,29;21,03;17,6;10,42;7,21;0
27;Distrito Federal;Pública;Rural;720,86;215,95;250,97;268,67;;268,67;3,53;4,07;15,75;36,15;23,94;8,14;7,61;0,54;0,27;1,05;5,3;11,33;18,95;21,74;18,93;14,66;5,49;2,02;0,53;0;14,79;14,7;17,84;19,5;19,08;10,26;3,52;0,32;0;0
27;Distrito Federal;Pública;Total;728,03;224,57;255,13;273,18;309,52;274,52;3,58;6,35;13,93;24,14;20,28;16,56;9,67;5,22;0,27;0,91;3,2;8,54;15,99;21,29;22,01;16,24;8,07;3,02;0,7;0,03;12,78;13,33;17,68;20,29;19,81;10,93;3,6;1,16;0,41;0
27;Distrito Federal;Pública;Urbana;728,5;225,21;255,36;273,3;309,52;274,66;3,58;6,5;13,81;23,35;20,04;17,12;9,81;5,53;0,27;0,9;3,05;8,33;15,77;21,26;22,24;16,36;8,26;3,1;0,71;0,03;12,67;13,25;17,68;20,34;19,85;10,97;3,6;1,2;0,44;0
27;Distrito Federal;Total;Rural;720,86;216,2;253,1;273,49;;273,49;3,53;4,07;15,75;36,15;23,94;8,14;7,61;0,54;0,27;1,05;5,27;11,27;18,85;21,72;18,92;14,73;5,61;2,05;0,53;0;13,28;15,06;17,53;19,48;18,99;11,06;3,97;0,63;0;0
27;Distrito Federal;Total;Total;742,91;236,81;266,89;287,61;309,31;288,3;2,94;4,67;10,45;19,23;17,95;17,47;13,18;10,23;3,87;0,67;2,36;6,68;12,76;17,65;20,44;17,75;12,43;6,5;2,72;0,02;10,65;11;14,88;17,93;19,68;13,41;7;3,41;2,05;0
27;Distrito Federal;Total;Urbana;743,96;237,92;267,51;287,92;309,31;288,62;2,91;4,7;10,19;18,42;17,66;17,92;13,44;10,69;4,05;0,65;2,2;6,43;12,44;17,43;20,53;17,92;12,8;6,74;2,84;0,02;10,53;10,82;14,76;17,86;19,71;13,51;7,14;3,53;2,15;0
